text,label
The first realistic need would be more than ten years away,clarity
Where is the nearest cash machine,confusion
The earliest I might need it is twelve years from now,clarity
I have not worked out when I may need this money,undecided
Can you explain what this question is asking,confusion
I am not sure what you mean by the earliest point,confusion
Does this mean when the account matures,confusion
I may need some of it in six years,clarity
I know the earliest I will need it is two years from now,clarity
I will not need any part of this pot until retirement in about twenty years,clarity
I need help resetting my password,confusion
I cannot give a reliable earliest date,undecided
I do not know whether I will need it next year or much later,undecided
I might realistically need part of it in eighteen months,clarity
All my savings are in this pot and I might realistically need some in three years,clarity
