id,question_id,text,bucket,option_id,source,group_id,split
SYNTH-D5-V2-001,D5,"My wages cover the rent, food and the usual monthly bills.",clarity,D5_SALARY,fictional_authored_d5_v2_experiment_2026-10-05,D5:v2:clarity:D5_SALARY:wages_direct,train
SYNTH-D5-V2-002,D5,Just my pay packet — that's what keeps the household running.,clarity,D5_SALARY,fictional_authored_d5_v2_experiment_2026-10-05,D5:v2:clarity:D5_SALARY:wages_direct,train
SYNTH-D5-V2-003,D5,"I do freelance bits too, but I don't use that money for living costs; my salary pays those.",clarity,D5_SALARY,fictional_authored_d5_v2_experiment_2026-10-05,D5:v2:clarity:D5_SALARY:employment_funding_contrast,train
SYNTH-D5-V2-004,D5,"Having a rental flat sounds relevant, but its income stays in the property account. I live on my wages.",clarity,D5_SALARY,fictional_authored_d5_v2_experiment_2026-10-05,D5:v2:clarity:D5_SALARY:employment_funding_contrast,train
SYNTH-D5-V2-005,D5,Used to draw from savings. These days it's my salary that pays for day-to-day life.,clarity,D5_SALARY,fictional_authored_d5_v2_experiment_2026-10-05,D5:v2:clarity:D5_SALARY:current_source_correction,train
SYNTH-D5-V2-006,D5,"wages atm... they pay my normal bills, yep (sorry, bit rushed)",clarity,D5_SALARY,fictional_authored_d5_v2_experiment_2026-10-05,D5:v2:clarity:D5_SALARY:messy_salary,train
SYNTH-D5-V2-007,D5,I pay my household expenses from the money I earn running my own plumbing business.,clarity,D5_SELF_EMPLOYMENT,fictional_authored_d5_v2_experiment_2026-10-05,D5:v2:clarity:D5_SELF_EMPLOYMENT:business_drawings,train
SYNTH-D5-V2-008,D5,The café's earnings are what I take home for groceries and bills.,clarity,D5_SELF_EMPLOYMENT,fictional_authored_d5_v2_experiment_2026-10-05,D5:v2:clarity:D5_SELF_EMPLOYMENT:business_drawings,train
SYNTH-D5-V2-009,D5,"I'm self-employed now, and my client work funds my everyday living costs.",clarity,D5_SELF_EMPLOYMENT,fictional_authored_d5_v2_experiment_2026-10-05,D5:v2:clarity:D5_SELF_EMPLOYMENT:contractor_current,train
SYNTH-D5-V2-010,D5,My invoicing income pays the mortgage and day-to-day stuff — no salary these days.,clarity,D5_SELF_EMPLOYMENT,fictional_authored_d5_v2_experiment_2026-10-05,D5:v2:clarity:D5_SELF_EMPLOYMENT:contractor_current,train
SYNTH-D5-V2-011,D5,Not wages anymore; I left that job. It's earnings from my own design work that currently support me.,clarity,D5_SELF_EMPLOYMENT,fictional_authored_d5_v2_experiment_2026-10-05,D5:v2:clarity:D5_SELF_EMPLOYMENT:past_salary_correction,train
SYNTH-D5-V2-012,D5,sole trader income pays the bills rn... varies a bit but thats the source,clarity,D5_SELF_EMPLOYMENT,fictional_authored_d5_v2_experiment_2026-10-05,D5:v2:clarity:D5_SELF_EMPLOYMENT:messy_self_employed,train
SYNTH-D5-V2-013,D5,My monthly pension payments pay for my regular household costs.,clarity,D5_PENSION_PAYMENTS,fictional_authored_d5_v2_experiment_2026-10-05,D5:v2:clarity:D5_PENSION_PAYMENTS:pension_income_direct,train
SYNTH-D5-V2-014,D5,I live on the pension income that lands in my account each month.,clarity,D5_PENSION_PAYMENTS,fictional_authored_d5_v2_experiment_2026-10-05,D5:v2:clarity:D5_PENSION_PAYMENTS:pension_income_direct,train
SYNTH-D5-V2-015,D5,"I own a separate pension pot, but that's untouched; the pension already in payment covers my bills.",clarity,D5_PENSION_PAYMENTS,fictional_authored_d5_v2_experiment_2026-10-05,D5:v2:clarity:D5_PENSION_PAYMENTS:pension_holding_contrast,train
SYNTH-D5-V2-016,D5,It isn't merely a pension balance — I'm receiving payments from it and using them for everyday expenses.,clarity,D5_PENSION_PAYMENTS,fictional_authored_d5_v2_experiment_2026-10-05,D5:v2:clarity:D5_PENSION_PAYMENTS:pension_holding_contrast,train
SYNTH-D5-V2-017,D5,I lived on wages before retiring; now my pension payments fund day-to-day life.,clarity,D5_PENSION_PAYMENTS,fictional_authored_d5_v2_experiment_2026-10-05,D5:v2:clarity:D5_PENSION_PAYMENTS:retirement_change,train
SYNTH-D5-V2-018,D5,"pension paymnts, monthly... thats my food / council tax money now",clarity,D5_PENSION_PAYMENTS,fictional_authored_d5_v2_experiment_2026-10-05,D5:v2:clarity:D5_PENSION_PAYMENTS:messy_pension,train
SYNTH-D5-V2-019,D5,My benefits currently cover the rent and my normal living expenses.,clarity,D5_BENEFITS_SUPPORT,fictional_authored_d5_v2_experiment_2026-10-05,D5:v2:clarity:D5_BENEFITS_SUPPORT:benefits_direct,train
SYNTH-D5-V2-020,D5,"Universal Credit is the money I use for food, utilities and the rest.",clarity,D5_BENEFITS_SUPPORT,fictional_authored_d5_v2_experiment_2026-10-05,D5:v2:clarity:D5_BENEFITS_SUPPORT:benefits_direct,train
SYNTH-D5-V2-021,D5,"My sister sends me money every month, and that regular help pays my living costs.",clarity,D5_BENEFITS_SUPPORT,fictional_authored_d5_v2_experiment_2026-10-05,D5:v2:clarity:D5_BENEFITS_SUPPORT:person_support,train
SYNTH-D5-V2-022,D5,I don't live off my occasional gig earnings; my partner's regular support covers the household bills.,clarity,D5_BENEFITS_SUPPORT,fictional_authored_d5_v2_experiment_2026-10-05,D5:v2:clarity:D5_BENEFITS_SUPPORT:person_support,train
SYNTH-D5-V2-023,D5,Benefits cover most things and my dad regularly helps with the rest of my living costs.,clarity,D5_BENEFITS_SUPPORT,fictional_authored_d5_v2_experiment_2026-10-05,D5:v2:clarity:D5_BENEFITS_SUPPORT:benefits_and_support_one_category,train
SYNTH-D5-V2-024,D5,"benefits + a regular bit from mum, thats how I manage the usual bills",clarity,D5_BENEFITS_SUPPORT,fictional_authored_d5_v2_experiment_2026-10-05,D5:v2:clarity:D5_BENEFITS_SUPPORT:messy_support,train
SYNTH-D5-V2-025,D5,I transfer money out of my savings each month to pay my living expenses.,clarity,D5_WITHDRAWALS,fictional_authored_d5_v2_experiment_2026-10-05,D5:v2:clarity:D5_WITHDRAWALS:savings_drawdown,train
SYNTH-D5-V2-026,D5,At the moment I'm running the household by drawing down my cash savings.,clarity,D5_WITHDRAWALS,fictional_authored_d5_v2_experiment_2026-10-05,D5:v2:clarity:D5_WITHDRAWALS:savings_drawdown,train
SYNTH-D5-V2-027,D5,Regular withdrawals from my investment account fund the mortgage and groceries.,clarity,D5_WITHDRAWALS,fictional_authored_d5_v2_experiment_2026-10-05,D5:v2:clarity:D5_WITHDRAWALS:investment_sales,train
SYNTH-D5-V2-028,D5,I sell a small amount of my funds each month and use the proceeds for everyday costs.,clarity,D5_WITHDRAWALS,fictional_authored_d5_v2_experiment_2026-10-05,D5:v2:clarity:D5_WITHDRAWALS:investment_sales,train
SYNTH-D5-V2-029,D5,"I still receive a tiny wage, but save all of it; withdrawals from investments actually pay my bills.",clarity,D5_WITHDRAWALS,fictional_authored_d5_v2_experiment_2026-10-05,D5:v2:clarity:D5_WITHDRAWALS:income_not_used_contrast,train
SYNTH-D5-V2-030,D5,taking ££ out of savings for rent n food atm — that's what I'm living on,clarity,D5_WITHDRAWALS,fictional_authored_d5_v2_experiment_2026-10-05,D5:v2:clarity:D5_WITHDRAWALS:messy_withdrawals,train
SYNTH-D5-V2-031,D5,The rent from my lodger is the regular income I use for household costs.,clarity,D5_OTHER_REGULAR,fictional_authored_d5_v2_experiment_2026-10-05,D5:v2:clarity:D5_OTHER_REGULAR:rental_income,train
SYNTH-D5-V2-032,D5,My living expenses come from monthly rent paid by tenants in my other property.,clarity,D5_OTHER_REGULAR,fictional_authored_d5_v2_experiment_2026-10-05,D5:v2:clarity:D5_OTHER_REGULAR:rental_income,train
SYNTH-D5-V2-033,D5,Royalties from my back catalogue arrive regularly and pay my normal bills.,clarity,D5_OTHER_REGULAR,fictional_authored_d5_v2_experiment_2026-10-05,D5:v2:clarity:D5_OTHER_REGULAR:named_recurring_source,train
SYNTH-D5-V2-034,D5,"A monthly annuity payment, separate from any pension, funds my day-to-day spending.",clarity,D5_OTHER_REGULAR,fictional_authored_d5_v2_experiment_2026-10-05,D5:v2:clarity:D5_OTHER_REGULAR:named_recurring_source,train
SYNTH-D5-V2-035,D5,"I used to use my salary, but now recurring licence fees cover my living costs.",clarity,D5_OTHER_REGULAR,fictional_authored_d5_v2_experiment_2026-10-05,D5:v2:clarity:D5_OTHER_REGULAR:source_change_other,train
SYNTH-D5-V2-036,D5,"tenant rent every month = groceries, power, all the regular stuff for me",clarity,D5_OTHER_REGULAR,fictional_authored_d5_v2_experiment_2026-10-05,D5:v2:clarity:D5_OTHER_REGULAR:messy_other_regular,train
SYNTH-D5-V2-037,D5,I don't currently have any regular source paying my living costs.,clarity,D5_NO_REGULAR,fictional_authored_d5_v2_experiment_2026-10-05,D5:v2:clarity:D5_NO_REGULAR:explicit_none,train
SYNTH-D5-V2-038,D5,There is no recurring money for my everyday expenses at the moment.,clarity,D5_NO_REGULAR,fictional_authored_d5_v2_experiment_2026-10-05,D5:v2:clarity:D5_NO_REGULAR:explicit_none,train
SYNTH-D5-V2-039,D5,No regular source — I'm getting by on a one-off cash gift for now.,clarity,D5_NO_REGULAR,fictional_authored_d5_v2_experiment_2026-10-05,D5:v2:clarity:D5_NO_REGULAR:one_off_not_regular,train
SYNTH-D5-V2-040,D5,Nothing comes in regularly for bills; I sold my bike once to cover this month.,clarity,D5_NO_REGULAR,fictional_authored_d5_v2_experiment_2026-10-05,D5:v2:clarity:D5_NO_REGULAR:one_off_not_regular,train
SYNTH-D5-V2-041,D5,"I'm out of work, and to be explicit, no other regular source is funding my living costs.",clarity,D5_NO_REGULAR,fictional_authored_d5_v2_experiment_2026-10-05,D5:v2:clarity:D5_NO_REGULAR:unemployment_explicit_none,train
SYNTH-D5-V2-042,D5,none right now... no regular money for rent/food etc,clarity,D5_NO_REGULAR,fictional_authored_d5_v2_experiment_2026-10-05,D5:v2:clarity:D5_NO_REGULAR:messy_none,train
SYNTH-D5-V2-043,D5,My wages pay part of the bills and rental income covers the rest.,clarity,D5_MULTIPLE,fictional_authored_d5_v2_experiment_2026-10-05,D5:v2:clarity:D5_MULTIPLE:salary_plus_other,train
SYNTH-D5-V2-044,D5,Both my salary and monthly investment withdrawals fund our everyday costs.,clarity,D5_MULTIPLE,fictional_authored_d5_v2_experiment_2026-10-05,D5:v2:clarity:D5_MULTIPLE:salary_plus_other,train
SYNTH-D5-V2-045,D5,I use pension payments for groceries and draw from savings for the household bills.,clarity,D5_MULTIPLE,fictional_authored_d5_v2_experiment_2026-10-05,D5:v2:clarity:D5_MULTIPLE:pension_plus_other,train
SYNTH-D5-V2-046,D5,Living costs come from two places now: my pension income and rent from a tenant.,clarity,D5_MULTIPLE,fictional_authored_d5_v2_experiment_2026-10-05,D5:v2:clarity:D5_MULTIPLE:pension_plus_other,train
SYNTH-D5-V2-047,D5,"My business earnings cover most expenses, with benefits paying some regular bills too.",clarity,D5_MULTIPLE,fictional_authored_d5_v2_experiment_2026-10-05,D5:v2:clarity:D5_MULTIPLE:self_employed_plus_support,train
SYNTH-D5-V2-048,D5,bit of wages + bit drawn from savings... both go on the day-to-day stuff,clarity,D5_MULTIPLE,fictional_authored_d5_v2_experiment_2026-10-05,D5:v2:clarity:D5_MULTIPLE:messy_mixed,train
SYNTH-D5-V2-049,D5,I'm not sure which money actually covers the regular bills; I'd need to check my statements.,undecided,,fictional_authored_d5_v2_experiment_2026-10-05,D5:v2:undecided:needs_records,train
SYNTH-D5-V2-050,D5,Could I come back to this? I can't tell what source is paying for day-to-day costs.,undecided,,fictional_authored_d5_v2_experiment_2026-10-05,D5:v2:undecided:needs_records,train
SYNTH-D5-V2-051,D5,"It might be savings or support from my family, but I genuinely don't know which is funding things now.",undecided,,fictional_authored_d5_v2_experiment_2026-10-05,D5:v2:undecided:between_sources_uncertain,train
SYNTH-D5-V2-052,D5,I'm unsure whether the rent money or my wages is being used for household spending.,undecided,,fictional_authored_d5_v2_experiment_2026-10-05,D5:v2:undecided:between_sources_uncertain,train
SYNTH-D5-V2-053,D5,"Everything has just changed this week, so I don't yet know what will regularly cover my living costs.",undecided,,fictional_authored_d5_v2_experiment_2026-10-05,D5:v2:undecided:changing_unresolved,train
SYNTH-D5-V2-054,D5,My old source stopped and the new arrangement isn't settled — not sure yet.,undecided,,fictional_authored_d5_v2_experiment_2026-10-05,D5:v2:undecided:changing_unresolved,train
SYNTH-D5-V2-055,D5,"Honestly, no idea which source to put.",undecided,,fictional_authored_d5_v2_experiment_2026-10-05,D5:v2:undecided:short_undecided,train
SYNTH-D5-V2-056,D5,"not sure atm, need to look",undecided,,fictional_authored_d5_v2_experiment_2026-10-05,D5:v2:undecided:short_undecided,train
SYNTH-D5-V2-057,D5,"Do you mean what pays my essential bills, or every bit of money that comes into my account?",confusion,,fictional_authored_d5_v2_experiment_2026-10-05,D5:v2:confusion:asks_scope,train
SYNTH-D5-V2-058,D5,What counts as a regular living cost here?,confusion,,fictional_authored_d5_v2_experiment_2026-10-05,D5:v2:confusion:asks_scope,train
SYNTH-D5-V2-059,D5,"I have a job and a pension pot, but I don't understand which one you want me to mention.",confusion,,fictional_authored_d5_v2_experiment_2026-10-05,D5:v2:confusion:source_without_funding,train
SYNTH-D5-V2-060,D5,"There's money in savings, although I haven't said what pays the bills — is that what you're asking?",confusion,,fictional_authored_d5_v2_experiment_2026-10-05,D5:v2:confusion:source_without_funding,train
SYNTH-D5-V2-061,D5,Does owning a pension count even though I don't receive payments from it?,confusion,,fictional_authored_d5_v2_experiment_2026-10-05,D5:v2:confusion:pension_definition,train
SYNTH-D5-V2-062,D5,Are benefits and the money my partner sends treated as one choice or two?,confusion,,fictional_authored_d5_v2_experiment_2026-10-05,D5:v2:confusion:category_definition,train
SYNTH-D5-V2-063,D5,Are you asking how much my monthly expenses add up to?,confusion,,fictional_authored_d5_v2_experiment_2026-10-05,D5:v2:confusion:off_topic_misread,train
SYNTH-D5-V2-064,D5,"Sorry, is this about where my accounts are held? I'm confused.",confusion,,fictional_authored_d5_v2_experiment_2026-10-05,D5:v2:confusion:off_topic_misread,train
